"V_S[1,0]",0.0
"V_S[1,1]",0.0
"V_S[1,2]",0.0
"V_S[1,3]",0.0
"V_S[1,4]",0.0
"V_S[1,5]",0.0
"V_S[1,6]",0.0
"V_S[1,7]",0.0
"V_S[1,8]",0.0
"V_S[1,9]",0.0
"V_S[1,10]",0.0
"V_S[1,11]",0.0
"V_S[1,12]",0.0
"V_S[1,13]",0.0
"V_S[1,14]",0.0
"V_S[1,15]",0.0
"V_S[1,16]",0.0
"V_S[1,17]",0.0
"V_S[1,18]",0.0
"V_S[1,19]",0.0
"V_S[1,20]",0.0
"V_S[1,21]",0.0
"V_S[1,22]",0.0
"V_S[1,23]",0.0
"V_S[1,24]",0.0
"V_S[1,25]",-0.0
"V_S[1,26]",0.0
"V_S[1,27]",-0.0
"V_S[1,28]",0.0
"V_S[2,0]",0.0
"V_S[2,1]",0.0
"V_S[2,2]",0.0
"V_S[2,3]",0.0
"V_S[2,4]",0.0
"V_S[2,5]",0.0
"V_S[2,6]",0.0
"V_S[2,7]",0.0
"V_S[2,8]",0.0
"V_S[2,9]",0.0
"V_S[2,10]",0.0
"V_S[2,11]",0.0
"V_S[2,12]",0.0
"V_S[2,13]",0.0
"V_S[2,14]",0.0
"V_S[2,15]",0.0
"V_S[2,16]",0.0
"V_S[2,17]",0.0
"V_S[2,18]",0.0
"V_S[2,19]",0.0
"V_S[2,20]",0.0
"V_S[2,21]",0.0
"V_S[2,22]",0.0
"V_S[2,23]",0.0
"V_S[2,24]",0.0
"V_S[2,25]",-0.0
"V_S[2,26]",0.0
"V_S[2,27]",-0.0
"V_S[2,28]",0.0
"V_S[3,0]",0.0
"V_S[3,1]",0.0
"V_S[3,2]",0.0
"V_S[3,3]",0.0
"V_S[3,4]",0.0
"V_S[3,5]",0.0
"V_S[3,6]",0.0
"V_S[3,7]",0.0
"V_S[3,8]",0.0
"V_S[3,9]",0.0
"V_S[3,10]",0.0
"V_S[3,11]",0.0
"V_S[3,12]",0.0
"V_S[3,13]",0.0
"V_S[3,14]",0.0
"V_S[3,15]",0.0
"V_S[3,16]",0.0
"V_S[3,17]",0.0
"V_S[3,18]",0.0
"V_S[3,19]",0.0
"V_S[3,20]",0.0
"V_S[3,21]",0.0
"V_S[3,22]",0.0
"V_S[3,23]",0.0
"V_S[3,24]",0.0
"V_S[3,25]",-0.0
"V_S[3,26]",0.0
"V_S[3,27]",-0.0
"V_S[3,28]",0.0
"V_S[4,0]",0.0
"V_S[4,1]",0.0
"V_S[4,2]",0.0
"V_S[4,3]",0.0
"V_S[4,4]",0.0
"V_S[4,5]",0.0
"V_S[4,6]",0.0
"V_S[4,7]",0.0
"V_S[4,8]",0.0
"V_S[4,9]",0.0
"V_S[4,10]",0.0
"V_S[4,11]",0.0
"V_S[4,12]",0.0
"V_S[4,13]",0.0
"V_S[4,14]",0.0
"V_S[4,15]",0.0
"V_S[4,16]",0.0
"V_S[4,17]",0.0
"V_S[4,18]",0.0
"V_S[4,19]",0.0
"V_S[4,20]",0.0
"V_S[4,21]",0.0
"V_S[4,22]",0.0
"V_S[4,23]",0.0
"V_S[4,24]",0.0
"V_S[4,25]",-0.0
"V_S[4,26]",0.0
"V_S[4,27]",-0.0
"V_S[4,28]",0.0
"V_S[5,0]",0.0
"V_S[5,1]",0.0
"V_S[5,2]",0.0
"V_S[5,3]",0.0
"V_S[5,4]",0.0
"V_S[5,5]",0.0
"V_S[5,6]",0.0
"V_S[5,7]",0.0
"V_S[5,8]",0.0
"V_S[5,9]",0.0
"V_S[5,10]",0.0
"V_S[5,11]",0.0
"V_S[5,12]",0.0
"V_S[5,13]",0.0
"V_S[5,14]",0.0
"V_S[5,15]",0.0
"V_S[5,16]",0.0
"V_S[5,17]",0.0
"V_S[5,18]",0.0
"V_S[5,19]",0.0
"V_S[5,20]",0.0
"V_S[5,21]",0.0
"V_S[5,22]",0.0
"V_S[5,23]",0.0
"V_S[5,24]",0.0
"V_S[5,25]",-0.0
"V_S[5,26]",0.0
"V_S[5,27]",-0.0
"V_S[5,28]",0.0
"V_S[6,0]",0.0
"V_S[6,1]",0.0
"V_S[6,2]",0.0
"V_S[6,3]",0.0
"V_S[6,4]",0.0
"V_S[6,5]",0.0
"V_S[6,6]",0.0
"V_S[6,7]",0.0
"V_S[6,8]",0.0
"V_S[6,9]",0.0
"V_S[6,10]",0.0
"V_S[6,11]",0.0
"V_S[6,12]",0.0
"V_S[6,13]",0.0
"V_S[6,14]",0.0
"V_S[6,15]",0.0
"V_S[6,16]",0.0
"V_S[6,17]",0.0
"V_S[6,18]",0.0
"V_S[6,19]",0.0
"V_S[6,20]",0.0
"V_S[6,21]",0.0
"V_S[6,22]",0.0
"V_S[6,23]",0.0
"V_S[6,24]",0.0
"V_S[6,25]",-0.0
"V_S[6,26]",0.0
"V_S[6,27]",-0.0
"V_S[6,28]",0.0
"V_S[7,0]",0.0
"V_S[7,1]",0.0
"V_S[7,2]",0.0
"V_S[7,3]",0.0
"V_S[7,4]",0.0
"V_S[7,5]",0.0
"V_S[7,6]",0.0
"V_S[7,7]",0.0
"V_S[7,8]",0.0
"V_S[7,9]",0.0
"V_S[7,10]",0.0
"V_S[7,11]",0.0
"V_S[7,12]",0.0
"V_S[7,13]",0.0
"V_S[7,14]",0.0
"V_S[7,15]",0.0
"V_S[7,16]",0.0
"V_S[7,17]",0.0
"V_S[7,18]",0.0
"V_S[7,19]",0.0
"V_S[7,20]",0.0
"V_S[7,21]",0.0
"V_S[7,22]",0.0
"V_S[7,23]",0.0
"V_S[7,24]",0.0
"V_S[7,25]",-0.0
"V_S[7,26]",0.0
"V_S[7,27]",-0.0
"V_S[7,28]",0.0
"V_S[8,0]",0.0
"V_S[8,1]",0.0
"V_S[8,2]",0.0
"V_S[8,3]",0.0
"V_S[8,4]",0.0
"V_S[8,5]",0.0
"V_S[8,6]",0.0
"V_S[8,7]",0.0
"V_S[8,8]",0.0
"V_S[8,9]",0.0
"V_S[8,10]",0.0
"V_S[8,11]",0.0
"V_S[8,12]",0.0
"V_S[8,13]",0.0
"V_S[8,14]",0.0
"V_S[8,15]",0.0
"V_S[8,16]",0.0
"V_S[8,17]",0.0
"V_S[8,18]",0.0
"V_S[8,19]",0.0
"V_S[8,20]",0.0
"V_S[8,21]",0.0
"V_S[8,22]",0.0
"V_S[8,23]",0.0
"V_S[8,24]",0.0
"V_S[8,25]",-0.0
"V_S[8,26]",0.0
"V_S[8,27]",-0.0
"V_S[8,28]",0.0
"V_S[9,0]",0.0
"V_S[9,1]",0.0
"V_S[9,2]",0.0
"V_S[9,3]",0.0
"V_S[9,4]",0.0
"V_S[9,5]",0.0
"V_S[9,6]",0.0
"V_S[9,7]",0.0
"V_S[9,8]",0.0
"V_S[9,9]",0.0
"V_S[9,10]",0.0
"V_S[9,11]",0.0
"V_S[9,12]",0.0
"V_S[9,13]",0.0
"V_S[9,14]",0.0
"V_S[9,15]",0.0
"V_S[9,16]",0.0
"V_S[9,17]",0.0
"V_S[9,18]",0.0
"V_S[9,19]",0.0
"V_S[9,20]",0.0
"V_S[9,21]",0.0
"V_S[9,22]",0.0
"V_S[9,23]",0.0
"V_S[9,24]",0.0
"V_S[9,25]",-0.0
"V_S[9,26]",0.0
"V_S[9,27]",-0.0
"V_S[9,28]",0.0
"V_S[10,0]",0.0
"V_S[10,1]",0.0
"V_S[10,2]",0.0
"V_S[10,3]",0.0
"V_S[10,4]",0.0
"V_S[10,5]",0.0
"V_S[10,6]",0.0
"V_S[10,7]",0.0
"V_S[10,8]",0.0
"V_S[10,9]",0.0
"V_S[10,10]",0.0
"V_S[10,11]",0.0
"V_S[10,12]",0.0
"V_S[10,13]",0.0
"V_S[10,14]",0.0
"V_S[10,15]",0.0
"V_S[10,16]",0.0
"V_S[10,17]",0.0
"V_S[10,18]",0.0
"V_S[10,19]",0.0
"V_S[10,20]",0.0
"V_S[10,21]",0.0
"V_S[10,22]",0.0
"V_S[10,23]",0.0
"V_S[10,24]",0.0
"V_S[10,25]",-0.0
"V_S[10,26]",0.0
"V_S[10,27]",-0.0
"V_S[10,28]",0.0
"V_S[11,0]",0.0
"V_S[11,1]",0.0
"V_S[11,2]",0.0
"V_S[11,3]",0.0
"V_S[11,4]",0.0
"V_S[11,5]",0.0
"V_S[11,6]",0.0
"V_S[11,7]",0.0
"V_S[11,8]",0.0
"V_S[11,9]",0.0
"V_S[11,10]",0.0
"V_S[11,11]",0.0
"V_S[11,12]",0.0
"V_S[11,13]",0.0
"V_S[11,14]",0.0
"V_S[11,15]",0.0
"V_S[11,16]",0.0
"V_S[11,17]",0.0
"V_S[11,18]",0.0
"V_S[11,19]",0.0
"V_S[11,20]",0.0
"V_S[11,21]",0.0
"V_S[11,22]",0.0
"V_S[11,23]",0.0
"V_S[11,24]",0.0
"V_S[11,25]",-0.0
"V_S[11,26]",0.0
"V_S[11,27]",-0.0
"V_S[11,28]",0.0
"V_S[12,0]",0.0
"V_S[12,1]",0.0
"V_S[12,2]",0.0
"V_S[12,3]",0.0
"V_S[12,4]",0.0
"V_S[12,5]",0.0
"V_S[12,6]",0.0
"V_S[12,7]",0.0
"V_S[12,8]",0.0
"V_S[12,9]",0.0
"V_S[12,10]",0.0
"V_S[12,11]",0.0
"V_S[12,12]",0.0
"V_S[12,13]",0.0
"V_S[12,14]",0.0
"V_S[12,15]",0.0
"V_S[12,16]",0.0
"V_S[12,17]",0.0
"V_S[12,18]",0.0
"V_S[12,19]",0.0
"V_S[12,20]",0.0
"V_S[12,21]",0.0
"V_S[12,22]",0.0
"V_S[12,23]",0.0
"V_S[12,24]",0.0
"V_S[12,25]",-0.0
"V_S[12,26]",0.0
"V_S[12,27]",-0.0
"V_S[12,28]",0.0
"V_S[13,0]",0.0
"V_S[13,1]",0.0
"V_S[13,2]",0.0
"V_S[13,3]",0.0
"V_S[13,4]",0.0
"V_S[13,5]",0.0
"V_S[13,6]",0.0
"V_S[13,7]",0.0
"V_S[13,8]",0.0
"V_S[13,9]",0.0
"V_S[13,10]",0.0
"V_S[13,11]",0.0
"V_S[13,12]",0.0
"V_S[13,13]",0.0
"V_S[13,14]",0.0
"V_S[13,15]",0.0
"V_S[13,16]",0.0
"V_S[13,17]",0.0
"V_S[13,18]",0.0
"V_S[13,19]",0.0
"V_S[13,20]",0.0
"V_S[13,21]",0.0
"V_S[13,22]",0.0
"V_S[13,23]",0.0
"V_S[13,24]",0.0
"V_S[13,25]",-0.0
"V_S[13,26]",0.0
"V_S[13,27]",-0.0
"V_S[13,28]",0.0
"V_S[14,0]",0.0
"V_S[14,1]",0.0
"V_S[14,2]",0.0
"V_S[14,3]",0.0
"V_S[14,4]",0.0
"V_S[14,5]",0.0
"V_S[14,6]",0.0
"V_S[14,7]",0.0
"V_S[14,8]",0.0
"V_S[14,9]",0.0
"V_S[14,10]",0.0
"V_S[14,11]",0.0
"V_S[14,12]",0.0
"V_S[14,13]",0.0
"V_S[14,14]",0.0
"V_S[14,15]",0.0
"V_S[14,16]",0.0
"V_S[14,17]",0.0
"V_S[14,18]",0.0
"V_S[14,19]",0.0
"V_S[14,20]",0.0
"V_S[14,21]",0.0
"V_S[14,22]",0.0
"V_S[14,23]",0.0
"V_S[14,24]",0.0
"V_S[14,25]",-0.0
"V_S[14,26]",0.0
"V_S[14,27]",-0.0
"V_S[14,28]",0.0
"V_S[15,0]",0.0
"V_S[15,1]",0.0
"V_S[15,2]",0.0
"V_S[15,3]",0.0
"V_S[15,4]",0.0
"V_S[15,5]",0.0
"V_S[15,6]",0.0
"V_S[15,7]",0.0
"V_S[15,8]",0.0
"V_S[15,9]",0.0
"V_S[15,10]",0.0
"V_S[15,11]",0.0
"V_S[15,12]",0.0
"V_S[15,13]",0.0
"V_S[15,14]",0.0
"V_S[15,15]",0.0
"V_S[15,16]",0.0
"V_S[15,17]",0.0
"V_S[15,18]",0.0
"V_S[15,19]",0.0
"V_S[15,20]",0.0
"V_S[15,21]",0.0
"V_S[15,22]",0.0
"V_S[15,23]",0.0
"V_S[15,24]",0.0
"V_S[15,25]",-0.0
"V_S[15,26]",0.0
"V_S[15,27]",-0.0
"V_S[15,28]",0.0
"V_S[16,0]",0.0
"V_S[16,1]",0.0
"V_S[16,2]",0.0
"V_S[16,3]",0.0
"V_S[16,4]",0.0
"V_S[16,5]",0.0
"V_S[16,6]",0.0
"V_S[16,7]",0.0
"V_S[16,8]",0.0
"V_S[16,9]",0.0
"V_S[16,10]",0.0
"V_S[16,11]",0.0
"V_S[16,12]",0.0
"V_S[16,13]",0.0
"V_S[16,14]",0.0
"V_S[16,15]",0.0
"V_S[16,16]",0.0
"V_S[16,17]",0.0
"V_S[16,18]",0.0
"V_S[16,19]",0.0
"V_S[16,20]",0.0
"V_S[16,21]",0.0
"V_S[16,22]",0.0
"V_S[16,23]",0.0
"V_S[16,24]",0.0
"V_S[16,25]",-0.0
"V_S[16,26]",0.0
"V_S[16,27]",-0.0
"V_S[16,28]",0.0
"V_S[17,0]",0.0
"V_S[17,1]",0.0
"V_S[17,2]",0.0
"V_S[17,3]",0.0
"V_S[17,4]",0.0
"V_S[17,5]",0.0
"V_S[17,6]",0.0
"V_S[17,7]",0.0
"V_S[17,8]",0.0
"V_S[17,9]",0.0
"V_S[17,10]",0.0
"V_S[17,11]",0.0
"V_S[17,12]",0.0
"V_S[17,13]",0.0
"V_S[17,14]",0.0
"V_S[17,15]",0.0
"V_S[17,16]",0.0
"V_S[17,17]",0.0
"V_S[17,18]",0.0
"V_S[17,19]",0.0
"V_S[17,20]",0.0
"V_S[17,21]",0.0
"V_S[17,22]",0.0
"V_S[17,23]",0.0
"V_S[17,24]",0.0
"V_S[17,25]",-0.0
"V_S[17,26]",0.0
"V_S[17,27]",-0.0
"V_S[17,28]",0.0
"V_S[18,0]",0.0
"V_S[18,1]",0.0
"V_S[18,2]",0.0
"V_S[18,3]",0.0
"V_S[18,4]",0.0
"V_S[18,5]",0.0
"V_S[18,6]",0.0
"V_S[18,7]",0.0
"V_S[18,8]",0.0
"V_S[18,9]",0.0
"V_S[18,10]",0.0
"V_S[18,11]",0.0
"V_S[18,12]",0.0
"V_S[18,13]",0.0
"V_S[18,14]",0.0
"V_S[18,15]",0.0
"V_S[18,16]",0.0
"V_S[18,17]",0.0
"V_S[18,18]",0.0
"V_S[18,19]",0.0
"V_S[18,20]",0.0
"V_S[18,21]",0.0
"V_S[18,22]",0.0
"V_S[18,23]",0.0
"V_S[18,24]",0.0
"V_S[18,25]",-0.0
"V_S[18,26]",0.0
"V_S[18,27]",-0.0
"V_S[18,28]",0.0
"V_S[19,0]",0.0
"V_S[19,1]",0.0
"V_S[19,2]",0.0
"V_S[19,3]",0.0
"V_S[19,4]",0.0
"V_S[19,5]",0.0
"V_S[19,6]",0.0
"V_S[19,7]",0.0
"V_S[19,8]",0.0
"V_S[19,9]",0.0
"V_S[19,10]",0.0
"V_S[19,11]",0.0
"V_S[19,12]",0.0
"V_S[19,13]",0.0
"V_S[19,14]",0.0
"V_S[19,15]",0.0
"V_S[19,16]",0.0
"V_S[19,17]",0.0
"V_S[19,18]",0.0
"V_S[19,19]",0.0
"V_S[19,20]",0.0
"V_S[19,21]",0.0
"V_S[19,22]",0.0
"V_S[19,23]",0.0
"V_S[19,24]",0.0
"V_S[19,25]",-0.0
"V_S[19,26]",0.0
"V_S[19,27]",-0.0
"V_S[19,28]",0.0
"V_S[20,0]",0.0
"V_S[20,1]",0.0
"V_S[20,2]",0.0
"V_S[20,3]",0.0
"V_S[20,4]",0.0
"V_S[20,5]",0.0
"V_S[20,6]",0.0
"V_S[20,7]",0.0
"V_S[20,8]",0.0
"V_S[20,9]",0.0
"V_S[20,10]",0.0
"V_S[20,11]",0.0
"V_S[20,12]",0.0
"V_S[20,13]",0.0
"V_S[20,14]",0.0
"V_S[20,15]",0.0
"V_S[20,16]",0.0
"V_S[20,17]",0.0
"V_S[20,18]",0.0
"V_S[20,19]",0.0
"V_S[20,20]",0.0
"V_S[20,21]",0.0
"V_S[20,22]",0.0
"V_S[20,23]",0.0
"V_S[20,24]",0.0
"V_S[20,25]",-0.0
"V_S[20,26]",0.0
"V_S[20,27]",-0.0
"V_S[20,28]",0.0
"V_S[21,0]",0.0
"V_S[21,1]",0.0
"V_S[21,2]",0.0
"V_S[21,3]",0.0
"V_S[21,4]",0.0
"V_S[21,5]",0.0
"V_S[21,6]",0.0
"V_S[21,7]",0.0
"V_S[21,8]",0.0
"V_S[21,9]",0.0
"V_S[21,10]",0.0
"V_S[21,11]",0.0
"V_S[21,12]",0.0
"V_S[21,13]",0.0
"V_S[21,14]",0.0
"V_S[21,15]",0.0
"V_S[21,16]",0.0
"V_S[21,17]",0.0
"V_S[21,18]",0.0
"V_S[21,19]",0.0
"V_S[21,20]",0.0
"V_S[21,21]",0.0
"V_S[21,22]",0.0
"V_S[21,23]",0.0
"V_S[21,24]",0.0
"V_S[21,25]",-0.0
"V_S[21,26]",0.0
"V_S[21,27]",-0.0
"V_S[21,28]",0.0
"V_S[22,0]",0.0
"V_S[22,1]",0.0
"V_S[22,2]",0.0
"V_S[22,3]",0.0
"V_S[22,4]",0.0
"V_S[22,5]",0.0
"V_S[22,6]",0.0
"V_S[22,7]",0.0
"V_S[22,8]",0.0
"V_S[22,9]",0.0
"V_S[22,10]",0.0
"V_S[22,11]",0.0
"V_S[22,12]",0.0
"V_S[22,13]",0.0
"V_S[22,14]",0.0
"V_S[22,15]",0.0
"V_S[22,16]",0.0
"V_S[22,17]",0.0
"V_S[22,18]",0.0
"V_S[22,19]",0.0
"V_S[22,20]",0.0
"V_S[22,21]",0.0
"V_S[22,22]",0.0
"V_S[22,23]",0.0
"V_S[22,24]",0.0
"V_S[22,25]",1.0
"V_S[22,26]",0.0
"V_S[22,27]",1.0
"V_S[22,28]",0.0
"V_S[23,0]",0.0
"V_S[23,1]",0.0
"V_S[23,2]",0.0
"V_S[23,3]",0.0
"V_S[23,4]",0.0
"V_S[23,5]",0.0
"V_S[23,6]",0.0
"V_S[23,7]",0.0
"V_S[23,8]",0.0
"V_S[23,9]",0.0
"V_S[23,10]",0.0
"V_S[23,11]",0.0
"V_S[23,12]",0.0
"V_S[23,13]",0.0
"V_S[23,14]",0.0
"V_S[23,15]",0.0
"V_S[23,16]",0.0
"V_S[23,17]",0.0
"V_S[23,18]",0.0
"V_S[23,19]",0.0
"V_S[23,20]",0.0
"V_S[23,21]",0.0
"V_S[23,22]",0.0
"V_S[23,23]",0.0
"V_S[23,24]",0.0
"V_S[23,25]",-0.0
"V_S[23,26]",0.0
"V_S[23,27]",-0.0
"V_S[23,28]",0.0
"V_S[24,0]",0.0
"V_S[24,1]",0.0
"V_S[24,2]",0.0
"V_S[24,3]",0.0
"V_S[24,4]",0.0
"V_S[24,5]",0.0
"V_S[24,6]",0.0
"V_S[24,7]",0.0
"V_S[24,8]",0.0
"V_S[24,9]",0.0
"V_S[24,10]",0.0
"V_S[24,11]",0.0
"V_S[24,12]",0.0
"V_S[24,13]",0.0
"V_S[24,14]",0.0
"V_S[24,15]",0.0
"V_S[24,16]",0.0
"V_S[24,17]",0.0
"V_S[24,18]",0.0
"V_S[24,19]",0.0
"V_S[24,20]",0.0
"V_S[24,21]",0.0
"V_S[24,22]",0.0
"V_S[24,23]",0.0
"V_S[24,24]",0.0
"V_S[24,25]",-0.0
"V_S[24,26]",0.0
"V_S[24,27]",-0.0
"V_S[24,28]",0.0
